code,country,locality
AAR,"Denmark","Aarhus"
ABD,"Iran","Abadan"
AEH,"Chad","Abeche"
ABZ,"United Kingdom","Aberdeen"
ABR,"USA","Aberdeen, SD"
ABJ,"Ivory Coast","Abidjan"
ABI,"USA","Abilene, TX"
AUH,"UAE","Abu Dhabi"
ABV,"Nigeria","Abuja International"
AUE,"Egypt","Abu Rudeis"
ABS,"Egypt","Abu Simbel"
ACA,"Mexico","Acapulco"
ACC,"Ghana","Accra"
ADA,"Turkey","Adana"
ADD,"Ethiopia","Addis Ababa"
ADL,"Australia","Adelaide"
ADE,"Yemen","Aden"
AER,"Russia","Adler/Sochi"
AJY,"Niger","Agades"
AGA,"Morocco","Agadir"
SUM,"Guam","Agana"
AGZ,"South Africa","Aggeneys"
BQN,"Puerto Rico","Aguadilla"
AGU,"Mexico","Aguascaliente"
AMD,"India","Ahmedabad"
AJA,"France","Ajaccio"
AXT,"Japan","Akita"
CAK,"USA","Akron, OH"
AKT,"Cyprus","Akrotiri - RAF"
ADX,"Kazakhstan","Aktyubinsk"
AAN,"United Arab Emirates","Al Ain"
AAC,"Egypt","Al Arish"
AAC,"Egypt","Al Arish"
ALH,"Australia","Albany"
ABY,"USA","Albany, GA"
ALB,"USA","Albany, NY"
LBI,"France","Albi"
AAL,"Denmark","Alborg"
ABQ,"USA","Albuquerque, NM"
ABX,"Australia","Albury"
AES,"Norway","Alesund"
ALJ,"South Africa","Alexander Bay"
ALY,"Egypt","Alexandria, El Nhouza Airport"
ESF,"USA","Alexandria, La"
FJR,"UAE","Alfujairah (Fujairah)"
AHO,"Italy","Alghero Sassari"
ALG,"Algeria","Algiers"
AHU,"Morocco","Al Hoceima"
ALC,"Spain","Alicante"
ASP,"Australia","Alice Springs"
ADY,"South Africa","Alldays"
ABE,"USA","Allentown, PA"
ALA,"Kazakhstan","Alma Ata"
LEI,"Spain","Almeria"
ALP,"Syria","Aleppo"
ALF,"Norway","Alta"
ACH,"Switzerland","Altenrhein"
AOO,"USA","Altoona, PA"
ASJ,"Japan","Amami"
AMA,"USA","Amarillo, TX"
AMM,"Jordan","Amman, Queen Alia Intl"
ADJ,"Jordan","Amman, Civil - Marka Airport"
ATQ,"India","Amritsar"
AMS,"Netherlands","Amsterdam, Schiphol"
QNB,"India","Anand"
ANC,"USA","Anchorage, AK"
AOI,"Italy","Ancona"
ALV,"Andorra","Andorra La Vella H/P"
AXA,"Anguilla","Anguilla"
AJN,"Comoros (Comores)","Anjouan"
ANK,"Turkey","Ankara"
AAE,"Algeria","Annaba"
ARB,"USA","Ann Arbor, MI"
NCY,"France","Annecy"
ANB,"USA","Anniston, AL"
AYT,"Turkey","Antalya"
TNR,"Madagascar","Antananarivo (Tanannarive)"
ANU,"Antigua","Antigua"
ANR,"Belgium","Antwerp"
AOJ,"Japan","Aomori"
APW,"Samoa","Apia"
ATW,"USA","Appelton/Neenah/Menasha, WI"
AQJ,"Jordan","Aqaba"
AJU,"Brazil","Aracaju"
ARH,"Russian Federation","Arkhangelsk"
ARK,"Tanzania","Arusha"
GPA,"Greece","Araxos"
RLT,"Niger","Arlit"
AXS,"Colombia","Armenia"
ACE,"Spain","Arrecife/Lanzarote"
AUA,"Aruba","Aruba"
AVL,"USA","Asheville, NC"
ASB,"Turkmenistan","Ashgabat, Ashkhabat"
ASE,"USA","Aspen Snowmass, CO"
ATZ,"Egypt","Assiut"
TSE,"Kazakstan","Astana"
ASU,"Paraguay","Asuncion"
ASW,"Egypt","Aswan, Daraw Airport"
ATH,"Greece","Athens"
HEW,"Greece","Athens, Hellinikon Airport"
AHN,"USA","Athens, GA"
ATO,"USA","Athens, OH"
ATL,"USA","Atlanta, Hartsfield Atlanta Int'l Airport"
ACY,"USA","Atlantic City, NJ"
YAT,"Canada","Attawapiskat, NT"
AKL,"New Zealand","Auckland"
AGB,"Germany","Augsburg"
AGS,"USA","Augusta, GA"
AUG,"USA","Augusta, ME"
AUR,"France","Aurillac"
AUS,"USA","Austin, TX"
AYQ,"Australia","Ayers Rock"
AYR,"Australia","Ayr"
BJZ,"Spain","Badajoz"
BGW,"Iraq","Bagdad, Al Muthana"
SDA,"Iraq","Bagdad, Saddam International"
IXB,"India","Bagdogra"
BHV,"Pakistan","Bahawalpur"
BAH,"Bahrain","Bahrain"
BFL,"USA","Bakersfield, CA"
BAK,"Azerbaijan","Baku"
BNK,"Australia","Ballina"
BWI,"USA","Baltimore Washington Int'l Airport; MD"
ABM,"Australia","Bamaga"
BKO,"Mali","Bamako"
BBY,"Central African Republic","Bambari"
BWN,"Brunei","Bandar Seri Begawan"
BLR,"India","Bangalore"
BGU,"Central African Republic","Bangassou"
BKK,"Thailand","Bangkok"
BGR,"USA","Bangor, ME"
BGF,"Central African Republic","Bangui"
BJL,"Gambia","Banjul"
BNP,"Pakistan","Bannu"
BCN,"Spain","Barcelona"
BLA,"Venezuela","Barcelona"
BDU,"Norway","Bardufoss"
BRI,"Italy","Bari"
BZL,"Bangladesh","Barisal"
BDQ,"India","Baronda"
BAQ,"Colombia","Barranquilla"
BSL,"Switzerland","Basel"
EAP,"Switzerland/France","Basel/Mulhouse"
BSR,"Iraq","Basra, Basrah"
BIA,"France","Bastia"
BTR,"USA","Baton Rouge, La"
BYU,"Germany","Bayreuth"
BPT,"USA","Beaumont/Pt. Arthur, TX"
BKW,"USA","Beckley, WV"
EIS,"Virgin Islands, British","Beef Island"
PEK,"China","Beijing"
NAY,"China","Beijing - Nanyuan Airport"
BEW,"Mozambique","Beira"
BEY,"Lebanon","Beirut"
BEL,"Brazil","Belem"
BHD,"United Kingdom","Belfast - Harbour"
BFS,"United Kingdom","Belfast International"
IXG,"India","Belgaum"
BEG,"Yugoslavia","Belgrad (Beograd)"
BZE,"Belize","Belize City"
BLI,"USA","Bellingham, WA"
CNF,"Brazil","Belo Horizonte"
BJI,"USA","Bemidji, MN"
BEN,"Libya","Bengasi"
BUG,"Angola","Bengueka"
BEH,"USA","Benton Harbour, MI"
BBT,"Central African Republic","Berberati"
BGY,"Italy","Bergamo"
BGO,"Norway","Bergen"
BER,"Germany","Berlin"
SXF,"Germany","Berlin, Schoenefeld"
TXL,"Germany","Berlin, Tegel"
THF,"Germany","Berlin, Tempelhof"
BDA,"Bermuda","Bermuda"
BRN,"Switzerland","Bern"
ZDJ,"Switzerland","Bern"
BET,"USA","Bethel, AK"
BHO,"India","Bhopal"
BBI,"India","Bhubaneswar"
BIQ,"France","Biarritz"
BIO,"Spain","Bilbao"
BIL,"USA","Billings, MT"
BLL,"Denmark","Billund"
BTU,"Malaysia","Bintulu"
IRO,"Central African Republic","Biraro"
BHX,"United Kingdom","Birmingham"
BHM,"USA","Birmingham, AL"
BIS,"USA","Bismarck/Mandan, ND"
BXO,"Guinea Bissau","Bissau"
BLT,"Australia","Blackwater"
BLZ,"Malawi","Blantyre"
BHE,"New Zealand","Blenheim"
BFN,"South Africa","Bloemfontein"
BMI,"USA","Bloomington, IL"
BMG,"USA","Bloomington, IN"
BLF,"USA","Bluefield, WV"
BVB,"Brazil","Boa Vista"
BOY,"Burkina Faso","Bobo/Dioulasso"
BOO,"Norway","Bodo"
BOG,"Colombia","Bogota"
BOI,"USA","Boise, ID"
BLQ,"Italy","Bologna"
BOM,"India","Bombay"
BON,"Netherlands Antilles","Bonaire"
YVB,"Canada","Bonaventure, PQ"
BOB,"French Polynesia","Bora Bora"
BOD,"France","Bordeaux"
HBH,"Egypt","Borg El Arab Airport"
BXS,"USA","Borrego Springs, CA"
BOS,"USA","Boston - Logan, MA"
BYK,"Ivory Coast","Bouake"
BOJ,"Bulgaria","Bourgas/Burgas"
ZBO,"Australia","Bowen"
BZN,"USA","Bozeman, MT"
BFD,"USA","Bradford/Warren, PA/Olean, NY"
BRD,"USA","Brainerd, MN"
BMP,"Australia","Brampton Island"
BSB,"Brazil","Brasilia"
BTS,"Slovakia","Bratislava"
BZV,"Congo","Brazzaville"
BRE,"Germany","Bremen"
VBS,"Italy","Brescia, Montichiari"
BES,"France","Brest"
BIV,"Central African Republic","Bria"
BDR,"USA","Bridgeport, CT"
BGI,"Barbados","Bridgetown, Grantley Adams Int'l"
BDS,"Italy","Brindisi"
BNE,"Australia","Brisbane"
BRS,"United Kingdom","Bristol"
BNN,"Norway","Broennoeysund"
BHQ,"Australia","Broken Hill"
BKX,"USA","Brookings, SD"
BME,"Australia","Broome"
BQK,"USA","Brunswick, GA"
BRU,"Belgium","Brussels"
BGA,"Colombia","Bucaramanga"
BUD,"Hungary","Budapest, Ferihegy"
BUE,"Argentina","Buenos Aires"
EZE,"Argentina","Buenos Aires, Ezeiza Int'l Airport"
AEP,"Argentina","Buenos Aires, Jorge Newbery"
BFO,"Zimbabwe","Buffalo Range"
BUF,"USA","Buffalo/Niagara Falls, NY"
BJM,"Burundi","Bujumbura"
BUH,"Romania","Bucharest"
OTP,"Romania","Bucharest, Otopeni"
BUQ,"Zimbabwe","Bulawayo"
BHC,"USA","Bullhead City, NV"
BDB,"Australia","Bundaberg"
BUR,"USA","Burbank, CA"
BRL,"USA","Burlington, IA"
BTV,"USA","Burlington, VT"
BWT,"Australia","Burnie (Wynyard)"
BTM,"USA","Butte, MT"
CAB,"Angola","Cabinda"
CAG,"Italy","Cagliari"
CNS,"Australia","Cairns"
CAI,"Egypt","Cairo Int'l"
CCU,"India","Calcutta (Kolkata) - Netaji Subhas Chandra"
KMQ,"Japan","Komatsu"
YYC,"Canada","Calgary/Banff"
CLO,"Colombia","Cali"
CCJ,"India","Calicut"
CLY,"France","Calvi"
YCB,"Canada","Cambridge Bay"
CBG,"United Kingdom","Cambrigde"
CGR,"Brazil","Campo Grande"
CBR,"Australia","Canberra"
CUN,"Mexico","Cancun"
CPT,"South Africa","Cape Town"
CCS,"Venezuela","Caracas"
CWL,"United Kingdom","Cardiff"
CLD,"USA","Carlsbad, CA"
CVQ,"Australia","Carnarvon"
CRF,"Central African Republic","Carnot"
LRM,"Dominican Republic","Casa de Campo/La Romana"
CAS,"Morocco","Casablanca"
CMN,"Morocco","Casablanca, Mohamed V"
CSI,"Australia","Casino"
CPR,"USA","Casper, WY"
CTG,"Colombia","Catagena"
CTA,"Italy","Catania"
CAY,"French Guayana","Cayenne"
CBU,"Philippines","Cebu"
CDC,"USA","Cedar City, UT"
CID,"USA","Cedar Rapids, IA"
CED,"Australia","Ceduna"
CES,"Australia","Cessnock"
KHV,"Russia","Chabarovsk (Khabarovsk)"
CMF,"France","Chambery"
CMI,"USA","Champaign, IL"
IXC,"India","Chandigarh"
CGQ,"Jilin, China","Changchun"
CHQ,"Greece","Chania"
CHS,"USA","Charleston, SC"
CRW,"USA","Charleston, WV"
CLT,"USA","Charlotte, NC"
CHO,"USA","Charlottesville, VA"
CXT,"Australia","Charters Towers"
CHA,"USA","Chattanooga, TN"
CTU,"Sichuan, China","Chengdu"
MAA,"India","Chennai (Madras)"
CYS,"USA","Cheyenne, WY"
CNX,"Thailand","Chiang Mai"
QCB,"Japan","Chiba City"
MDW,"USA","Chicago, Midway, IL"
ORD,"USA","Chicago O'Hare Int'l Airport, IL"
CHI,"USA","Chicago, IL"
CZA,"Mexico","Chichen Itza"
CIC,"USA","Chico, CA"
CUU,"Mexico","Chihuahua, Gen Fierro Villalobos"
JKH,"Greece","Chios"
CIP,"Zambia","Chipata"
HTA,"Russia","Chita (Tschita)"
CTS,"Japan","Chitose"
CJL,"Pakistan","Chitral"
CGP,"Bangladesh","Chittagong"
CKG,"Sichuan, China","Chongqing"
CHC,"New Zealand","Christchurch"
CXI,"Iceland","Christmas Line"
CCZ,"Bahamas","Chub Cay"
YYQ,"Canada","Churchill"
CFG,"Canada","Cienfuegos"
CVG,"USA","Cincinnati, OH"
CME,"Mexico","Ciudad Del Carmen"
CJS,"Mexico","Ciudad Juarez"
CEN,"Mexico","Ciudad Obregon"
CVM,"Mexico","Ciudad Victoria"
CKB,"USA","Clarksburg, WV"
CMQ,"Australia","Clermont"
CFE,"France","Clermont Ferrand"
BKL,"USA","Cleveland, Burke Lakefront, OH"
CLE,"USA","Cleveland, Hopkins, OH"
CBB,"Bolivia","Cochabamba"
COK,"India","Cochin"
COD,"USA","Cody/Powell/Yellowstone, WY"
KCC,"USA","Coffmann Cove, AK"
CFS,"Australia","Coffs Harbour"
CJB,"India","Coimbatore"
CLQ,"Mexico","Colima"
CLL,"USA","College Station/Bryan, TX"
KCE,"Australia","Collinsville"
CGN,"Germany","Cologne (Koeln)/Bonn"
CMB,"Sri Lanka","Colombo"
COS,"USA","Colorado Springs, CO"
CAE,"USA","Columbia, SC"
CSG,"USA","Columbus, GA"
CMH,"USA","Columbus, OH"
CKY,"Guinea","Conakry"
CCR,"USA","Concord, CA"
CZL,"Algeria","Constantine"
CND,"Romania","Constanza"
CPD,"Australia","Coober Pedy"
CTN,"Australia","Cooktown"
OOM,"Australia","Cooma"
CPH,"Denmark","Copenhagen"
COR,"Argentina","Cordoba"
ODB,"Spain","Cordoba"
CDV,"USA","Cordova, AK"
CFU,"Greece","Corfu"
ORK,"Ireland","Cork"
CRP,"USA","Corpus Christi, TX"
COO,"Benin","Cotonou"
CZM,"Mexico","Cozmel"
CGA,"USA","Craig, AK"
CEC,"USA","Crescent City, CA"
CGB,"Brazil","Cuiaba"
CUL,"Mexico","Culiacan"
CUR,"Netherlands Antilles","Curacao"
CWB,"Brazil","Curitiba"
DKR,"Senegal","Dakar"
DLM,"Turkey","Dalaman"
DBY,"Australia","Dalby"
DLC,"Liaoning, China","Dalian"
DAL,"USA","Dallas, Love Field, TX"
DFW,"USA","Dallas/Ft. Worth, TX"
DJO,"Ivory Coast","Daloa"
DAM,"Syria","Damascus, International"
DMM,"Saudi Arabien","Dammam, King Fahad Int'l"
DAN,"USA","Danville, VA"
DAR,"Tanzania","Dar es Salam (Daressalam)"
DRW,"Australia","Darwin"
DDI,"Australia","Daydream Island"
DAY,"USA","Dayton, OH"
DAB,"USA","Daytona Beach, FL"
DEC,"USA","Decatur, IL"
YDF,"Canada","Deer Lake/Corner Brook"
DEL,"India","Delhi, Indira Gandhi"
HAG,"Netherlands","Den Haag (The Hague)"
DPS,"Indonesia","Denpasar/Bali"
DEN,"USA","Denver International Airport, CO"
DSK,"Pakistan","Dera Ismail Khan"
DRB,"Australia","Derby"
EMA,"United Kingdom","Derby (East Midlands)"
LDY,"United Kingdom","Derry (Londonderry)"
DSM,"USA","Des Moines, IA"
DET,"USA","Detroit City, MI"
DTW,"USA","Detroit Metropolitan Wayne County Airport, MI"
DTT,"USA","Detroit Metropolitan Area, MI"
DVL,"USA","Devils Lake, ND"
DPO,"Australia","Devonport"
DHA,"Saudi Arabia","Dhahran"
DAC,"Bangladesh","Dhaka"
DLG,"USA","Dillingham, AK"
DNR,"France","Dinard"
DJE,"Tunisia","Djerba"
JIB,"Djibouti","Djibouti"
DOH,"Qatar","Doha"
DCS,"UK","Doncaster, Robin Hood Int'l Airport"
DGM,"Guangdong, China","Dongguan"
DTM,"Germany","Dortmund"
DHN,"USA","Dothan, AL"
DLA,"Cameroon","Douala"
DRS,"Germany","Dresden"
DXB,"UAE","Dubai"
DBO,"Australia","Dubbo"
DUB,"Ireland","Dublin"
DUJ,"USA","Dubois, PA"
DBV,"Croatia (Hrvatska)","Dubrovnik"
DBQ,"USA","Dubuque, IA"
DUS,"Germany","Duesseldorf"
DLH,"USA","Duluth, MN/Superior, WI"
DUD,"New Zealand","Dunedin"
DKI,"Australia","Dunk Iceland"
DRO,"USA","Durango, CO"
DUR,"South Africa","Durban"
DYU,"Tadschikistan","Dushanbe (Duschanbe)"
DUT,"USA","Dutch Harbor, AK"
DYA,"Australia","Dysart"
DZA,"Mayotte","Dzaoudzi"
ELS,"South Africa","East London"
IPC,"Chile","Easter Island"
EAU,"USA","Eau Clarie, WI"
EDI,"United Kingdom","Edinburgh"
YEA,"Canada","Edmonton"
YEG,"Canada","Edmonton, International"
YXD,"Canada","Edmonton, Municipal"
EGS,"Iceland","Egilsstadir"
EIN,"Netherlands","Eindhoven"
ELP,"USA","El Paso, TX"
ETH,"Israel","Elat"
VDA,"Israel","Elat, Ovula"
EKI,"USA","Elkhart, IN"
EKO,"USA","Elko, NV"
ELL,"South Africa","Ellisras"
EMY,"Egypt","El Minya"
ELM,"USA","Elmira, NY"
ELY,"USA","Ely, NV"
EDR,"Australia","Emerald"
EMD,"Australia","Emerald"
ENF,"Finland","Enontekioe"
EBB,"Uganda","Entebbe"
ERF,"Germany","Erfurt"
ERI,"USA","Erie, PA"
EVN,"Armenia","Eriwan (Yerevan, Jerevan)"
EBJ,"Denmark","Esbjerg"
ESC,"USA","Escabana, MI"
EPR,"Australia","Esperance"
EUG,"USA","Eugene, OR"
ACV,"USA","Eureka, CA"
EVV,"USA","Evansville, IN"
EVE,"Norway","Evenes"
FAI,"USA","Fairbanks, AK"
LYP,"Pakistan","Faisalabad"
FAR,"USA","Fargo, ND, MN"
FMN,"USA","Farmington, NM"
FAO,"Portugal","Faro"
FAE,"Denmark","Faroer"
FYV,"USA","Fayetteville, AR"
FAY,"USA","Fayetteville/Ft. Bragg, NC"
FEZ,"Morocco","Fes"
FSC,"France","Figari"
FLG,"USA","Flagstaff, AZ"
YFO,"Canada","Flin Flon"
FNT,"USA","Flint, MI"
FLR,"Italy","Florence"
FLO,"USA","Florence, SC"
FLN,"Brazil","Florianopolis"
FRO,"Norway","Floro"
YFA,"Canada","Fort Albert"
FDF,"Martinique","Fort de France"
FOD,"USA","Fort Dodge, IA"
FHU,"USA","Fort Huachuca/Sierra Vista, AZ"
FLL,"USA","Fort Lauderdale/Hollywood, FL"
YMM,"Canada","Fort McMurray"
FMY,"USA","Fort Myers, Metropolitan Area, FL"
RSW,"USA","Fort Myers, Southwest Florida Reg, FL"
YSM,"Canada","Fort Smith"
FSM,"USA","Fort Smith, AR"
YXJ,"Canada","Fort St. John"
VPS,"USA","Fort Walton Beach, FL"
FWA,"USA","Fort Wayne, IN"
FOR,"Brazil","Fortaleza"
FRW,"Botswana","Francistown"
FRA,"Germany","Frankfurt/Main Int'l Airport"
HNN,"Germany","Frankfurt/Hahn"
FKL,"USA","Franklin/Oil City, PA"
YFC,"Canada","Fredericton"
FPO,"Bahamas","Freeport"
FNA,"Sierra Leone","Freetown"
FRJ,"France","Frejus"
FAT,"USA","Fresno, CA"
FDH,"Germany","Friedrichshafen"
FUE,"Spain","Fuerteventura"
FJR,"United Arab Emirates","Fujairah, Int'l Airport"
FUK,"Japan","Fukuoka"
FKS,"Japan","Fukushima-shi, Fukushima Airport"
FNC,"Portugal","Funchal"
FUT,"Wallis and Futuna Islands","Futuna"
GBE,"Botswana","Gaborone"
GAD,"USA","Gadsden, AL"
GNV,"USA","Gainesville, FL"
GWY,"Ireland","Galway"
YQX,"Canada","Gander"
GOU,"Cameroon","Garoua"
GDN,"Poland","Gdansk"
GEX,"Australia","Geelong"
GVA,"Switzerland","Geneva"
GOA,"Italy","Genoa"
GRJ,"South Africa","George"
GEO,"Guyana","Georgetown"
GET,"Australia","Geraldton"
GRO,"Spain","Gerona"
GIB,"Gibraltar","Gibraltar"
GCC,"USA","Gilette, WY"
GIL,"Pakistan","Gilgit"
YGX,"Canada","Gillam"
GLT,"Australia","Gladstone"
PIK,"United Kingdom","Glasgow, Prestwick"
GLA,"United Kingdom","Glasgow"
GGW,"USA","Glasgow, MT"
GDV,"USA","Glendive, MT"
GOI,"India","Goa"
GYN,"Brazil","Goiania"
OOL,"Australia","Gold Coast"
GOO,"Australia","Goondiwindi"
YYR,"Canada","Goose Bay"
GOZ,"Bulgaria","Gorna"
GOT,"Sweden","Goteborg"
GOV,"Australia","Gove (Nhulunbuy)"
GHB,"Bahamas","Govenors Harbour"
GRX,"Spain","Granada"
GBI,"Bahamas","Grand Bahama"
GCN,"USA","Grand Canyon, AZ"
GCM,"Cayman Islands","Grand Cayman"
GFK,"USA","Grand Forks, ND"
GJT,"USA","Grand Junction, CO"
GRR,"USA","Grand Rapids, MI"
GPZ,"USA","Grand Rapids, MN"
GRZ,"Austria","Graz"
GTF,"USA","Great Falls, MT"
GKL,"Australia","Great Keppel Island"
GRB,"USA","Green Bay, WI"
LWB,"USA","Greenbrier/Lewisburg, WV"
GSO,"USA","Greensboro/Winston Salem, NC"
GLH,"USA","Greenville, MS"
PGV,"USA","Greenville, NC"
GSP,"USA","Greenville/Spartanburg, SC"
GND,"Grenada","Grenada"
GNB,"France","Grenoble"
GFF,"Australia","Griffith"
GTE,"Australia","Groote Eyeland"
GTI,"Australia","Groote Eylandt"
GON,"USA","Groton/New London, CT"
GDL,"Mexico","Guadalajara"
GSI,"Solomon Islands","Guadalcanal"
GUM,"Guam","Guam"
CAN,"Guangdong, China","Guangzhou (Canton) - Baiyun (White Cloud)"
GRU,"Brazil","Guarulhos Int'l - Sao Paulo"
GUA,"Guatemala","Guatemala City"
GYE,"Ecuador","Guayaquil"
GCI,"United Kingdom","Guernsey"
GPT,"USA","Gulfport/Biloxi, MS"
ULU,"Uganda","Gulu"
GUC,"USA","Gunnison/Crested Butte, CO"
GAU,"India","Guwahati"
GWD,"Pakistan","Gwadar"
GWE,"Zimbabwe","Gweru"
GYP,"Australia","Gympie"
HAC,"Japan","Hachijo Jima"
HFA,"Israel","Haifa"
HNS,"USA","Haines, AK"
HKD,"Japan","Hakodate"
YHZ,"Canada","Halifax Int'l"
YUX,"Canada","Hall Beach"
HAM,"Germany","Hamburg - Fuhlsbuettel"
HLT,"Australia","Hamilton"
YHM,"Canada","Hamilton"
HTI,"Australia","Hamilton Island"
HFT,"Norway","Hammerfest"
CMX,"USA","Hancock, MI"
HGH,"Zhejiang, China","Hangchow (Hangzhou)"
HAJ,"Germany","Hannover"
HAN,"Viet Nam","Hanoi - Noibai"
HRE,"Zimbabwe","Harare"
HRB,"Heilongjiang, China","Harbin (Haerbin)"
HRL,"USA","Harlington/South Padre Island, TX"
YHR,"Canada","Harrington Harbour, PQ"
HAR,"USA","Harrisburg, PA - Harrisburg Skyport"
MDT,"USA","Harrisburg, PA - Harrisburg Int'l"
BDL,"USA","Hartford, CT/Springfield, MA"
HDY,"Thailand","Hatyai (Hat Yai)"
HAU,"Norway","Haugesund"
HAV,"Cuba","Havana - José Martí Int'l"
HVR,"USA","Havre, MT"
HIS,"Australia","Hayman Island"
HLN,"USA","Helena, MT"
JHE,"Sweden","Helsingborg"
HEL,"Finland","Helsinki - Vantaa"
HER,"Greece","Heraklion"
HMO,"Mexico","Hermosillo - Gen. Pesqueira Garcia"
HVB,"Australia","Hervey Bay"
HIB,"USA","Hibbing, MN"
HKY,"USA","Hickory, NC"
ITO,"USA","Hilo, HI"
HHH,"USA","Hilton Head Island, SC"
HNK,"Australia","Hinchinbrook Island"
HIJ,"Japan","Hiroshima International"
SGN,"Viet Nam","Ho Chi Minh City (Saigon)"
HBA,"Australia","Hobart"
HOQ,"Germany","Hof"
HOG,"Cuba","Holguin"
HMH,"Australia","Home Hill"
HOM,"USA","Homer, AK"
HKG,"Hong Kong","Hong Kong - Int'l Airport (HKIA)"
ZJK,"Hong Kong","Hong Kong - Chek Lap Kok"
HIR,"Solomon Islands","Honiara Henderson Int'l"
HNL,"USA","Honolulu, HI"
HNH,"USA","Hoonah, AK"
HOR,"Portugal","Horta"
HOU,"USA","Houston, Hobby, TX"
IAH,"USA","Houston, Intercontinental, TX"
HUH,"French Polynesia","Huahine"
HUX,"Mexico","Huatulco"
HUI,"Viet Nam","Hue - Phu Bai"
HUY,"United Kingdom","Humberside"
HTS,"USA","Huntington, OH"
HSV,"USA","Huntsville, AL"
HRG,"Egypt","Hurghada Int'l"
HON,"USA","Huron, SD"
HWN,"Zimbabwe","Hwange National Park"
HYA,"USA","Hyannis, MA"
HYG,"USA","Hydaburg, AK"
HYD,"India","Hyderabad - Begumpet"
HDD,"Pakistan","Hyderabad"
IBZ,"Ibiza/Spain","Ibiza"
IDA,"USA","Idaho Falls, ID"
IGR,"Argentina","Iguazu, Cataratas"
ILP,"New Caledonia","Ile des Pins"
IOU,"New Caledonia","Ile Ouen"
ILI,"USA","Iliamna, AK"
IPL,"USA","Imperial, CA"
IVC,"New Zealand","Incercargill"
ICN,"Korea South","Incheon, Incheon Int'l Airport"
IND,"USA","Indianapolis, IN"
IGH,"Australia","Ingham"
IFL,"Australia","Innisfail"
INN,"Austria","Innsbruck - Kranebitten"
INL,"USA","International Falls, MN"
YEV,"Canada","Inuvik"
IVC,"New Zealand","Invercargill"
INV,"United Kingdom","Inverness"
IYK,"USA","Inykern, CA"
YFB,"Canada","Iqaluit (Frobisher Bay)"
IQT,"Peru","Iquitos"
IKT,"Russia","Irkutsk"
LSG,"Japan","Ishigaki"
ISB,"Pakistan","Islamabad - Islamabad Int'l"
IOM,"United Kingdom","Isle of Man"
IST,"Turkey","Istanbul - Ataturk"
ITH,"USA","Ithaca/Cortland, NY"
IVL,"Finland","Ivalo"
ZIH,"Mexico","Ixtapa/Zihuatenejo"
IZM,"Turkey","Izmir"
JAC,"USA","Jackson Hole, WY"
JXN,"USA","Jackson, MI"
JAN,"USA","Jackson, MS"
MKL,"USA","Jackson, TN"
JAX,"USA","Jacksonville, FL"
OAJ,"USA","Jacksonville, NC"
JAG,"Pakistan","Jacobabad"
JAI,"India","Jaipur - Sanganeer"
HLP,"Indonesia","Jakarta - Halim Perdanakusma"
JKT,"Indonesia","Jakarta - Kemayoran"
CGK,"Indonesia","Jakarta - Soekarno-Hatta"
JLR,"India","Jalandhar"
JMS,"USA","Jamestown, ND"
JHW,"USA","Jamestown, NY"
IXW,"India","Jamshedpur - Sonari"
JED,"Saudi Arabia","Jeddah - King Abdulaziz Int'l"
XRY,"Spain","Jerez de la Frontera/Cadiz"
JER,"United Kingdom","Jersey"
JRS,"Israel","Jerusalem"
TNA,"Shandong, China","Jinan"
JIW,"Pakistan","Jiwani"
JCB,"Brazil","Joacaba"
JPA,"Brazil","Joao Pessoa - Castro Pinto"
JKG,"Sweden","Joenkoeping"
JOE,"Finland","Joensuu"
JNB,"South Africa","Johannesburg - Johannesburg Int'l"
JST,"USA","Johnstown, PA"
JHB,"Malaysia","Johore Bahru"
JLN,"USA","Joplin, MO"
GJN,"Lebanon","Jounieh"
JNU,"USA","Juneau, AK - Juneau Int'l"
JYV,"Finland","Jyvaeskylae"
KBL,"Afghanistan","Kabul - Khwaja Rawash"
KOJ,"Japan","Kagoshima"
OGG,"USA","Kahului, HI"
KAJ,"Finland","Kajaani"
KLX,"Greece","Kalamata"
AZO,"USA","Kalamazoo/Battle Creek, MI"
KGI,"Australia","Kalgoorlie"
FCA,"USA","Kalispell, MT"
KLR,"Sweden","Kalmar"
KAN,"Nigeria","Kano"
MUE,"USA","Kamuela, HI"
QJU,"India","Kanpur"
MCI,"USA","Kansas City, MO - Int'l"
KHH,"Taiwan","Kaohsiung Int'l"
JHM,"USA","Kapalua West, HI"
KHI,"Pakistan","Karachi - Quaid-E-Azam Int'l"
FKB,"Germany","Karlsruhe-Baden - Soellingen"
KSD,"Sweden","Karlstad"
AOK,"Greece","Karpathos"
KTA,"Australia","Karratha"
KRB,"Australia","Karumba"
KRP,"Denmark","Karup"
ZKE,"Canada","Kaschechawan, PQ"
KSL,"Sudan","Kassala"
KTR,"Australia","Katherine"
KTM,"Nepal","Kathmandu - Tribhuvan"
MPA,"Namibia","Katima Mulilo/Mpacha"
KHJ,"Finland","Kauhajoki"
MKK,"USA","Kaunakakai, HI"
KVA,"Greece","Kavalla"
KZN,"Russia","Kazan (Ka San)"
KMP,"Namibia","Keetmanshoop"
YLW,"Canada","Kelowna, BC"
KEM,"Finland","Kemi/Tornio"
ZNS,"Germany","Kempten"
ENA,"USA","Kenai, AK"
KIR,"Ireland","Kerry County"
KTN,"USA","Ketchikan, AK"
EYW,"USA","Key West, FL"
AHB,"Saudi Arabia","Khamis Mushayat"
UVL,"Egypt","Kharga - New Valley"
KRT,"Sudan","Khartoum"
KDD,"Pakistan","Khuzdar"
KEL,"Germany","Kiel - Holtenau"
KBP,"Ukraine","Kiev - Borispol"
IEV,"Ukraine","Kiev - Zhulhany"
KGL,"Rwanda","Kigali - Gregoire Kayibanda"
JRO,"Tanzania","Kilimadjaro"
ILE,"USA","Killeem, TX"
KIM,"South Africa","Kimberley"
KNS,"King Island","King Island"
AKN,"USA","King Salomon, AK"
KGC,"Australia","Kingscote"
KIN,"Jamaica","Kingston - Norman Manley"
ISO,"USA","Kingston, NC"
FIH,"Congo (Zaire)","Kinshasa - N'Djili"
KKN,"Norway","Kirkenes"
KIK,"Iraq","Kirkuk"
KRN,"Sweden","Kiruna"
FKI,"Zaire","Kisangani"
KTT,"Finland","Kittilä"
KIW,"Zambia","Kitwe"
KLU,"Austria","Klagenfurt"
LMT,"USA","Klamath Fall, OR"
KLW,"USA","Klawock, AK"
KLZ,"South Africa","Kleinsee"
NOC,"Ireland","Knock"
TYS,"USA","Knoxville, TN"
UKB,"Japan","Kobe"
KCZ,"Japan","Kochi"
CGN,"Germany","Köln, Köln/Bonn"
ADQ,"USA","Kodiak, AK"
OHT,"Pakistan","Kohat"
KOK,"Finland","Kokkola/Pietarsaari"
CCU,"India","Kolkata (Calcutta) - Netaji Subhas Chandra"
KOA,"USA","Kona, HI"
HGO,"Ivory Coast","Korhogo"
KGS,"Greece","Kos"
BKI,"Malaysia","Kota Kinabalu"
OTZ,"USA","Kotzbue, AK"
KWM,"Australia","Kowanyama"
KRK,"Poland","Krakau"
KRS,"Norway","Kristiansand"
KID,"Sweden","Kristianstad"
KSU,"Norway","Kristiansund"
KUB,"Brunei","Kuala Belait"
KUL,"Malaysia","Kuala Lumpur - Int'l Airport"
SZB,"Malaysia","Kuala Lumpur - Sultan Abdul Aziz Shah"
KUA,"Malaysia","Kuantan"
KCH,"Malaysia","Kuching"
KMJ,"Japan","Kumamoto"
KNX,"Australia","Kununurra"
KUO,"Finland","Kuopio"
KUH,"Japan","Kushiro"
YVP,"Canada","Kuujjuaq (FortChimo)"
YGW,"Canada","Kuujjuarapik"
KAO,"Finland","Kuusamo"
KWI,"Kuwait","Kuwait - Kuwait Int'l"
UKY,"Japan","Kyoto"
LEK,"Guinea","Labe"
WLB,"USA","Labouchere Bay, AK"
LBU,"Malaysia","Labuan"
XLB,"Canada","Lac Brochet, MB"
LCG,"Spain","La Coruna"
LSE,"USA","La Crosse, WI"
LAE,"Papua New Guinea","Lae"
LRH,"France","La Rochelle"
LAF,"USA","Lafayette, IN"
LFT,"USA","Lafayette, La"
LOS,"Nigeria","Lagos - Murtala Muhammed"
YGL,"Canada","La Grande"
LHE,"Pakistan","Lahore"
LCH,"USA","Lake Charles, La"
HII,"USA","Lake Havasu City, AZ"
TVL,"USA","Lake Tahoe, CA"
LKL,"Norway","Lakselv"
LBQ,"Gabon","Lambarene"
SUF,"Italy","Lamezia Terme"
LMP,"Italy","Lampedusa"
LNY,"USA","Lanai City, HI"
LNS,"USA","Lancaster, PA"
LGK,"Malaysia","Langkawi"
LAI,"France","Lannion"
HLA,"South Africa","Lanseria"
LAN,"USA","Lansing, MI"
LPB,"Bolivia","La Paz - El Alto"
LAP,"Mexico","La Paz - Leon"
LPP,"Finland","Lappeenranta"
LAR,"USA","Laramie, WY"
LRD,"USA","Laredo, TX"
LCA,"Cyprus","Larnaca"
LPA,"Spain","Las Palmas"
LAS,"USA","Las Vegas, NV"
LBE,"USA","Latrobe, PA"
LST,"Australia","Launceston"
PIB,"USA","Laurel/Hattisburg, MS"
LVO,"Australia","Laverton"
LAW,"USA","Lawton, OK"
LZC,"Mexico","Lazaro Cardenas"
YLR,"Canada","Leaf Rapids"
LEA,"Australia","Learmouth (Exmouth)"
LEB,"USA","Lebanon, NH"
LBA,"United Kingdom","Leeds/Bradford"
LER,"Australia","Leinster"
LEJ,"Germany","Leipzig"
LEY,"Netherlands","Lelystad"
BJX,"Mexico","Leon"
LNO,"Australia","Leonora"
LWS,"USA","Lewiston, ID"
LWT,"USA","Lewistown, MT"
LEX,"USA","Lexington, KY"
LBV,"Gabon","Libreville"
LDK,"Sweden","Lidkoeping"
LGG,"Belgium","Liege"
LIF,"Loyaute, Pazifik","Lifou"
LIH,"USA","Lihue, HI"
LIL,"France","Lille"
LLW,"Malawi","Lilongwe - Lilongwe International"
LIM,"Peru","Lima - J Chavez Int'l"
QLI,"Cyprus","Limassol"
LIG,"France","Limoges"
LNK,"USA","Lincoln, NE"
LDC,"Australia","Lindeman Island"
LNZ,"Austria","Linz - Hoersching"
LIQ,"Congo, Democratic Republic of The","Lisala"
LIS,"Portugal","Lisbon - Lisboa"
LSY,"Australia","Lismore"
LIT,"USA","Little Rock, AR"
LPL,"United Kingdom","Liverpool"
LZR,"Australia","Lizard Island"
LJU,"Slovenia","Ljubljana - Brnik"
IRG,"Australia","Lockhart River"
LFW,"Togo","Lome"
YXU,"Canada","London"
LON,"United Kingdom","London"
LCY,"United Kingdom","London - City Airport"
LGW,"United Kingdom","London - Gatwick"
LHR,"United Kingdom","London - Heathrow"
LTN,"United Kingdom","London - Luton"
STN,"United Kingdom","London - Stansted"
LGB,"USA","Long Beach, CA"
LIJ,"USA","Long Island, AK"
ISP,"USA","Long Island, Islip, NY - Mac Arthur"
LRE,"Australia","Longreach"
GGG,"USA","Longview/Kilgore, TX"
LYR,"Svalbard/Norway","Longyearbyen - Svalbard"
LTO,"Mexico","Loreto"
LRT,"France","Lorient"
LAX,"USA","Los Angeles, CA - Int'l"
SJD,"Mexico","Los Cabos"
LMM,"Mexico","Los Mochis"
TFN,"Teneriffa/Spain","Los Rodeos"
LSZ,"Croatia (Hrvatska)","(Mali) Losinj - Losinj Arpt"
LDE,"France","Lourdes/Tarbes"
SDF,"USA","Louisville, KY"
LAD,"Angola","Luanda - 4 de Fevereiro"
LBB,"USA","Lubbock, TX"
LKO,"India","Lucknow"
LUD,"Namibia","Luederitz"
MLA,"Malta","Luga"
LUG,"Switzerland","Lugano"
LLA,"Sweden","Lulea"
FBM,"Zaire","Lumbumbashi"
LUN,"Zambia","Lusaka"
LUJ,"South Africa","Lusisiki"
LUX,"Luxembourg","Luxembourg"
LXR,"Egypt","Luxor"
LWO,"Ukraine","Lvov (Lwow, Lemberg)"
LYH,"USA","Lynchburg, VA"
LYS,"France","Lyon"
MST,"Netherlands","Maastricht/Aachen"
MCP,"Brazil","Macapa"
MFM,"Macau, China SAR","Macau"
MCZ,"Brazil","Maceio"
MKY,"Australia","Mackay"
MCN,"USA","Macon, GA"
NOP,"Philippines","Mactan Island - Nab"
MED,"Saudi Arabia","Madinah, Mohammad Bin Abdulaziz"
MSN,"USA","Madison, WI"
MAA,"India","Madras (Chennai)"
MAD,"Spain","Madrid - Barajas"
SEZ,"Seychelles","Mahe - Seychelles Int'l"
MAH,"Spain","Mahon"
MTL,"Australia","Maitland"
MJN,"Madagascar","Majunga"
MZG,"Taiwan","Makung"
SSG,"Equatorial Guinea","Malabo"
AGP,"Spain","Malaga"
MLE,"Maledives","Male - International"
MYD,"Kenya","Malindi"
MMA,"Sweden","Malmo (Malmoe)"
MMX,"Sweden","Malmo (Malmoe) - Sturup"
MJC,"Ivory Coast","Man"
MGA,"Nicaragua","Managua - Augusto C Sandino"
MAO,"Brazil","Manaus"
MAN,"United Kingdom","Manchester"
MHT,"USA","Manchester, NH"
MFO,"Papua New Guinea","Manguna"
XMH,"French Polynesia","Manihi"
MNL,"Philippines","Manila - Ninoy Aquino Int'l"
ZLO,"Mexico","Manzanillo"
MTS,"Swaziland","Manzini - Matsapha Int'l"
MPM,"Mozambique","Maputo - Maputo International"
MDQ,"Argentina","Mar del Plata"
MAR,"Venezuela","Maracaibo - La Chinita"
MFQ,"Niger","Maradi"
MTH,"USA","Marathon, FL"
MEE,"New Caledonia","Mare"
MGH,"South Africa","Margate"
PMV,"Venezuela","Margerita"
MBX,"Slovenia","Maribor"
MHQ,"Finland","Mariehamn (Maarianhamina)"
MVR,"Cameroon","Maroua"
MQT,"USA","Marquette, MI"
RAK,"Morocco","Marrakech - Menara"
MUH,"Egypt","Marsa Matrah (Marsa Matruh)"
MRS,"France","Marseille"
MHH,"Bahamas","Marsh Harbour"
MVY,"USA","Martha's Vineyard, MA"
MBH,"Australia","Maryborough"
MSU,"Lesotho","Maseru - Moshoeshoe Int'l"
MCW,"USA","Mason City, IA"
MVZ,"Zimbabwe","Masvingo"
MMJ,"Japan","Matsumoto, Nagano"
MYJ,"Japan","Matsuyama"
MTO,"USA","Mattoon, IL"
MUB,"Botswana","Maun"
MAU,"French Polynesia","Maupiti"
MRU,"Mauritius","Mauritius - S.Seewoosagur Ram Int'l"
MAZ,"Puerto Rico","Mayaguez"
MZT,"Mexico","Mazatlan"
MFE,"USA","McAllen, TX"
MES,"Indonesia","Medan"
MDE,"Colombia","Medellin"
MFR,"USA","Medford, OR"
MED,"Saudi Arabia","Medina"
MKR,"Australia","Meekatharra"
MEL,"Australia","Melbourne - Tullamarine"
MLB,"USA","Melbourne, FL"
MEM,"USA","Memphis, TN"
MDZ,"Argentina","Mendoza"
MDC,"Indonesia","Manado"
MCE,"USA","Merced, CA"
MID,"Mexico","Merida"
MEI,"USA","Meridian, MS"
MIM,"Australia","Merimbula"
MEZ,"South Africa","Messina"
MTM,"USA","Metlakatla, AK"
MZM,"France","Metz"
MXL,"Mexico","Mexicali"
MEX,"Mexico","Mexico City"
MEX,"Mexico","Mexico City - Juarez International"
MFU,"Zambia","Mfuwe"
MIA,"USA","Miami, FL"
MWD,"Pakistan","Mianwali"
MMM,"Australia","Middlemount"
MAF,"USA","Midland/Odessa, TX"
MIK,"Finland","Mikkeli"
MIL,"Italy","Milan"
LIN,"Italy","Milan - Linate"
MXP,"Italy","Milan - Malpensa"
BGY,"Italy","Milan - Orio Al Serio"
MQL,"Australia","Mildura"
MLS,"USA","Miles City, MT"
MFN,"New Zealand","Milford Sound"
MKE,"USA","Milwaukee, WI"
MTT,"Mexico","Minatitlan"
MRV,"Russia","Mineralnye Vody"
MSP,"USA","Minneapolis - St. Paul Int'l Airport, MN"
MOT,"USA","Minot, ND"
MSQ,"Belarus","Minsk, International"
MYY,"Malaysia","Miri"
QML,"Pakistan","Mirpur"
MSO,"USA","Missula, MT"
MHE,"USA","Mitchell, SD"
MMY,"Japan","Miyako Jima (Ryuku Islands) - Hirara"
MBM,"South Africa","Mkambati"
MFF,"Gabon","Moanda"
MOB,"USA","Mobile, AL - Pascagoula, MS"
MOD,"USA","Modesto, CA"
MJD,"Pakistan","Moenjodaro"
MGQ,"Somalia","Mogadischu"
OKU,"Namibia","Mokuti"
MLI,"USA","Moline/Quad Cities, IL"
MBA,"Kenya","Mombasa - Moi International"
MIR,"Tunisia","Monastir"
YQM,"Canada","Moncton"
MLU,"USA","Monroe, La"
MLW,"Liberia","Monrovia"
ROB,"Liberia","Monrovia - Roberts Int'l"
MBJ,"Jamaica","Montenego Bay"
QGF,"Brazil","Montenegro"
MRY,"USA","Monterey, CA"
MTY,"Mexico","Monterrey"
NTR,"Mexico","Monterrey - Aeropuerto Del Norte"
MVD,"Uruguay","Montevideo - Carrasco"
MGM,"USA","Montgomery, AL"
MPL,"France","Montpellier - Frejorgues"
YMQ,"Canada","Montreal"
YUL,"Canada","Montreal - Dorval (Montréal-Trudeau)"
YMX,"Canada","Montreal - Mirabel"
MTJ,"USA","Montrose/Tellruide, CO"
MOZ,"French Polynesia","Moorea"
MOV,"Australia","Moranbah"
MRZ,"Australia","Moree"
MLM,"Mexico","Morelia"
MGW,"USA","Morgantown, WV"
HNA,"Japan","Morioka, Hanamaki"
HAH,"Comoros (Comores)","Moroni - Prince Said Ibrahim"
YVA,"Comoros (Comores)","Moroni - Iconi"
MOW,"Russia","Moscow - Metropolitan Area"
DME,"Russia","Moscow - Domodedovo"
SVO,"Russia","Moscow - Sheremetyevo"
VKO,"Russia","Moscow - Vnukovo"
MWH,"USA","Moses Lake, WA"
OMO,"Bosnia and Herzegovina","Mostar"
OSM,"Iraq","Mosul"
MJL,"Gabon","Mouila"
MQQ,"Chad","Moundou"
GTN,"New Zealand","Mount Cook"
MGB,"Australia","Mount Gambier"
MMG,"Australia","Mount Magnet"
ISA,"Australia","Mt. Isa"
MCL,"USA","Mt. McKinley, AK"
MUC,"Germany","Muenchen (Munich) - Franz Josef Strauss"
FMO,"Germany","Muenster/Osnabrueck"
MSR,"Germany","Muenster/Osnabrueck"
MLH,"France","Mulhouse"
MUX,"Pakistan","Multan"
MJV,"Spain","Murcia"
MMK,"Russia","Murmansk"
MCT,"Oman","Muscat - Seeb"
MSL,"USA","Muscle Shoals, AL"
MKG,"USA","Muskegon, MI"
MFG,"Pakistan","Muzaffarabad"
MVB,"Gabon","Mvengue"
JMK,"Greece","Mykonos"
MYR,"USA","Myrtle Beach, SC"
KMI,"Japan","Miyazaki"
MJT,"Greece","Mytilene (Lesbos)"
MZF,"South Africa","Mzamba"
NAN,"Fiji","Nadi"
NGS,"Japan","Nagasaki"
NGO,"Japan","Nagoya - Komaki AFB"
NAG,"India","Nagpur"
NBO,"Kenya","Nairobi"
ENC,"France","Nancy"
YSR,"Canada","Nanisivik"
NNG,"Guangxi, China","Nanning"
NTE,"France","Nantes"
ACK,"USA","Nantucket, MA"
NAP,"Italy","Naples"
APF,"USA","Naples, FL"
NAA,"Australia","Narrabri"
NRA,"Australia","Narrandera"
UAK,"Greenland","Narsarsuaq"
BNA,"USA","Nashville, TN"
NAS,"Bahamas","Nassau"
NAT,"Brazil","Natal"
SUV,"Fiji/Suva","Nausori"
WNS,"Pakistan","Nawab Shah"
NDJ,"Chad","N'Djamena"
NLA,"Zambia","N'Dola"
NSN,"New Zealand","Nelson"
NLP,"South Africa","Nelspruit"
MQP,", ZA","Nelspruit - Kruger Mpumalanga Int'l Airport"
NEV,"Nevis","Nevis"
EWN,"USA","New Bern, NC"
HVN,"USA","New Haven, CT"
MSY,"USA","New Orleans, La"
UVL,"Egypt","New Valley - Kharga"
JFK,"USA","New York - John F. Kennedy, NY"
LGA,"USA","New York - La Guardia, NY"
EWR,"USA","New York - Newark, NJ"
NYC,"USA","New York, NY"
SWF,"USA","Newburgh, NY"
BEO,"Australia","Newcastle - Belmont"
NTL,"Australia","Newcastle - Williamtown"
NCL,"United Kingdom","Newcastle"
NCS,"South Africa","Newcastle"
ZNE,"Australia","Newman"
PHF,"USA","Newport News/Williamsburg, VA"
NGE,"Cameroon","N'Gaoundere"
IAG,"USA","Niagara Falls Int'l"
NIM,"Niger","Niamey"
NCE,"France","Nice - Cote D'Azur"
NIC,"Cyprus","Nicosia"
NLV,"Ukraine","Nikolaev"
KIJ,"Japan","Niigata"
FNI,"France","Nimes"
INI,"Yugoslavia","Nis"
OME,"USA","Nome, AK"
NSA,"Australia","Noosa"
NLK,"Australia","Norfolk Island"
ORF,"USA","Norfolk/Virginia Beach, VA"
YVQ,"Canada","Norman Wells"
NRK,"Sweden","Norrkoeping"
OTH,"USA","North Bend, OR"
ELH,"Bahamas","North Eleuthera"
NDB,"Mauritania","Nouadhibou"
NKC,"Mauritania","Nouakchott"
NOU,"New Caledonia","Noumea"
QND,"Yugoslavia","Novi Sad"
OVB,"Russia","Novosibirsk - Tolmachevo"
NUE,"Germany","Nürnberg (Nuremberg)"
NLD,"Mexico","Nuevo Laredo"
TBU,"Tonga","Nuku'alofa - Fua'Amotu International"
OAK,"USA","Oakland, CA"
OAX,"Mexico","Oaxaca"
ODE,"Denmark","Odense"
ODS,"Ukraine","Odessa"
ORB,"Sweden","Oerebro"
OHD,"Macedonia","Ohrid"
OIT,"Japan","Oita"
OKJ,"Japan","Okayama"
OKA,"Japan","Okinawa, Ryukyo Island - Naha"
OKC,"USA","Oklahoma City, OK - Will Rogers World"
OLB,"Italy","Olbia"
OLP,"Australia","Olympic Dam"
OMA,"USA","Omaha, NE"
OND,"Namibia","Ondangwa"
ONT,"USA","Ontario, CA"
ORN,"Algeria","Oran (Ouahran)"
OAG,"Australia","Orange"
SNA,"USA","Orange County (Santa Ana), CA"
OMD,"Namibia","Oranjemund"
KOI,"United Kingdom","Orkney"
ORL,"USA","Orlando Metropolitan Area, FL"
ORL,"MCO","Orlando Int'l Airport, FL"
ORS,"Australia","Orpheus Island"
OSA,"Japan","Osaka, Metropolitan Area"
ITM,"Japan","Osaka - Itami"
KIX,"Japan","Osaka - Kansai Int'l Airport"
OSH,"USA","Oshkosh, WI"
OSI,"Croatia (Hrvatska)","Osijek"
OSL,"Norway","Oslo"
FBU,"Norway","Oslo - Fornebu"
TRF,"Norway","Oslo - Sandefjord"
YOW,"Canada","Ottawa - Hull"
ODA,"Central African Republic","Ouadda"
OZZ,"Morocco","Ouarzazate"
OUH,"South Africa","Oudtshoorn"
OUA,"Burkina Faso","Ouagadougou"
OUD,"Morocco","Oujda"
OUL,"Finland","Oulu"
OVD,"Spain","Oviedo"
OWB,"USA","Owensboro, KY"
OXR,"USA","Oxnard, CA"
UVE,"Gabon/Loyautte","Oyem"
PAD,"Germany","Paderborn/Lippstadt"
PAH,"USA","Paducah, KY"
PGA,"USA","Page/Lake Powell, AZ"
PPG,"American Samoa","Pago Pago"
PKB,"USA","Pakersburg, WV/Marietta, OH"
PMO,"Italy","Palermo - Punta Raisi"
PSP,"USA","Palm Springs, CA"
PMI,"Spain","Palma de Mallorca"
PMD,"USA","Palmdale/Lancaster, CA"
PMR,"New Zealand","Palmerston North"
PTY,"Panama","Panama City - Tocumen International"
PFN,"USA","Panama City, FL"
PJG,"Pakistan","Panjgur"
PNL,"Italy","Pantelleria"
PPT,"French Polynesia (Tahiti)","Papeete - Faaa"
PFO,"Cyprus","Paphos"
PBO,"Australia","Paraburdoo"
PBM,"Suriname","Paramaribo - Zanderij Int'l"
PAR,"France","Paris"
CDG,"France","Paris - Charles de Gaulle"
LBG,"France","Paris - Le Bourget"
ORY,"France","Paris - Orly"
PBH,"Bhutan","Paro"
PSC,"USA","Pasco, WA"
PSI,"Pakistan","Pasni"
PAT,"India","Patna"
PYX,"Thailand","Pattaya"
PUF,"France","Pau"
PLN,"USA","Pellston, MI"
PEN,"Malaysia","Penang International"
PDT,"USA","Pendelton, OR"
PNS,"USA","Pensacola, FL"
PIA,"USA","Peoria/Bloomington, IL"
PEI,"Colombia","Pereira"
PGF,"France","Perpignan"
PER,"Australia","Perth Int'l"
PEG,"Italy","Perugia"
PSR,"Italy","Pescara"
PEW,"Pakistan","Peshawar"
PSG,"USA","Petersburg, AK"
PHW,"South Africa","Phalaborwa"
PHL,"USA","Philadelphia, PA - Int'l"
PNH,"Cambodia","Phnom Penh - Pochentong"
PHX,"USA","Phoenix, AZ - Sky Harbor Int'l"
HKT,"Thailand","Phuket"
PIR,"USA","Pierre, SD"
PZB,"South Africa","Pietermaritzburg"
PTG,"South Africa","Pietersburg"
NTY,"South Africa","Pilanesberg/Sun City"
PSA,"Italy","Pisa - Gal Galilei"
PIT,"USA","Pittsburgh Int'l Airport, PA"
PLB,"USA","Plattsburgh, NY"
PBZ,"South Africa","Plettenberg Bay"
PIH,"USA","Pocatello, ID"
TGD,"Yugoslavia","Podgorica"
PNI,"Micronesia","Pohnpei"
PTP,"Guadeloupe","Pointe a Pitre"
PNR,"Congo","Pointe Noire"
PSE,"Puerto Rico","Ponce"
PDL,"Portugal","Ponta Delgada"
POR,"Finland","Pori"
CLM,"USA","Port Angeles, WA"
PAP,"Haiti","Port au Prince"
PUG,"Australia","Port Augusta"
PLZ,"South Africa","Port Elizabeth"
POG,"Gabon","Port Gentil"
PHC,"Nigeria","Port Harcourt"
PHE,"Australia","Port Hedland"
PTJ,"Australia","Portland"
PWM,"USA","Portland, ME"
PDX,"USA","Portland Int'l, OR"
PLO,"Australia","Port Lincoln"
PQQ,"Australia","Port Macquarie"
YPN,"Canada","Port Menier, PQ"
POM,"Papua New Guinea","Port Moresby - Jackson Field"
OPO,"Portugal","Porto"
POA,"Brazil","Porto Alegre"
POS,"Trinidad","Port of Spain"
PSD,"Egypt","Port Said"
PXO,"Portugal","Porto Santo"
PVH,"Brazil","Porto Velho"
VLI,"Vanuatu","Port Vila"
POU,"USA","Poughkeepsie, NY"
POZ,"Poland","Poznan, Lawica"
PRG,"Czech Republic","Prague - Ruzyne"
RAI,"Cape Verde","Praia"
PQI,"USA","Presque Island, ME"
PRY,"South Africa","Pretoria - Wonderboom Apt."
PVK,"Greece","Preveza/Lefkas"
YXS,"Canada","Prince George"
YPR,"Canada","Prince Rupert/Digby Island"
PRN,"Yugoslavia","Pristina"
PPP,"Australia","Prosperpine"
PVD,"USA","Providence, RI"
SCC,"USA","Prudhoe Bay, AK"
PBC,"Mexico","Puebla"
PUB,"USA","Pueblo, CO"
PXM,"Mexico","Puerto Escondido"
PZO,"Venezuela","Puerto Ordaz"
POP,"Dominican Republic","Puerto Plata"
PVR,"Mexico","Puerto Vallarta"
XPK,"Canada","Pukatawagan"
PUY,"Croatia (Hrvatska)","Pula"
PUW,"USA","Pullman, WA"
PNQ,"India","Pune"
PUQ,"Chile","Punta Arenas"
PUJ,"Dominican Republic","Punta Cana"
PUS,"South Korea","Pu San (Pusan) - Kimhae"
FNJ,"North Korea","Pyongyang - Sunan"
YQB,"Canada","Quebec - Quebec Int'l"
UEE,"Australia","Queenstown"
ZQN,"New Zealand","Queenstown"
UET,"Pakistan","Quetta"
TAO,"Shandong, China","Qingdao"
UIP,"France","Quimper"
UIN,"USA","Quincy, IL"
UIO,"Ecuador","Quito - Mariscal Sucr"
RBA,"Morocco","Rabat - Sale"
RYK,"Pakistan","Rahim Yar Khan"
RFP,"French Polynesia","Raiatea"
YOP,"Canada","Rainbow Lake, AB"
RAJ,"India","Rajkot"
RDU,"USA","Raleigh/Durham, NC"
IXR,"India","Ranchi"
RGI,"French Polynesia","Rangiroa"
RGN,"Myanmar (Burma)","Rangoon (Yangon) - Mingaladon"
RAP,"USA","Rapid City, SD"
RAR,"Island","Rarotonga Cook"
RKT,"UAE","Ras al Khaymah (Ras al Khaimah)"
RAZ,"Pakistan","Rawala Kot"
RWP,"Pakistan","Rawalpindi"
RDG,"USA","Reading, PA"
REC,"Brazil","Recife"
RDD,"USA","Redding, CA"
RDM,"USA","Redmond, OR"
REG,"Italy","Reggio Calabria"
YQR,"Canada","Regina"
TFS,"Teneriffa/Spain","Reina Sofia"
RNS,"France","Rennes"
RNO,"USA","Reno, NV"
YRB,"Canada","Resolute Bay"
REU,"Spain","Reus"
REK,"Iceland","Reykjavik - Metropolitan Area"
KEF,"Iceland","Reykjavik - Keflavik International"
RHI,"USA","Rhinelander, WI"
RHO,"Greece","Rhodos"
RCB,"South Africa","Richards Bay"
RIC,"USA","Richmond, VA"
RIX,"Latvia","Riga"
RJK,"Croatia (Hrvatska)","Rijeka"
RMI,"Italy","Rimini"
RBR,"Brazil","Rio Branco"
GIG,"Brazil","Rio de Janeiro - Galeao"
SDU,"Brazil","Rio de Janeiro - Santos Dumont"
RIO,"Brazil","Rio de Janeiro"
RUH,"Saudi Arabia","Riyadh - King Khaled Int'l"
RNE,"France","Roanne"
ROA,"USA","Roanoke, VA"
RTB,"Honduras","Roatan"
RST,"USA","Rochester, MN"
ROC,"USA","Rochester, NY"
RSD,"Bahamas","Rock Sound"
RKS,"USA","Rock Springs, WY"
RFD,"USA","Rockford, IL"
ROK,"Australia","Rockhampton"
RKD,"USA","Rockland, ME"
RWI,"USA","Rocky Mount - Wilson, NC"
RDZ,"France","Rodez"
RRG,"Mauritius","Rodrigues Island"
RNN,"Denmark","Roenne"
ROM,"Italy","Rome"
CIA,"Italy","Rome - Ciampino"
FCO,"Italy","Rome - Fuimicino"
RNB,"Sweden","Ronneby"
ROS,"Argentina","Rosario"
ROT,"New Zealand","Rotorua"
RTM,"Netherlands","Rotterdam"
RVN,"Finland","Rovaniemi"
NDU,"Namibia","Rundu"
ROU,"Bulgaria","Ruse"
SCN,"Germany","Saarbruecken"
SMF,"USA","Sacramento, CA"
SDS,"Japan","Sado Shima"
MBS,"USA","Saginaw/Bay City/Midland, MI"
SDT,"Pakistan","Saidu Sharif"
SGN,"Viet Nam","Saigon (Ho Chi Minh City)"
SBK,"France","Saint Brieuc"
RUN,"Reunion","Saint Denis de la Reunion"
YSJ,"Canada","Saint John"
SPN,"Northern Mariana Islands","Saipan"
SID,"Cape Verde","Sal"
SLL,"Oman","Salalah"
SLE,"USA","Salem, OR"
SNS,"USA","Salinas, CA"
SNC,"Ecuador","Salinas"
SAY,"Zimbabwe","Salisbury"
SBY,"USA","Salisbury, MD"
SKG,"Greece","Saloniki"
SLA,"Argentina","Salta, Gen Belgrano"
SLC,"USA","Salt Lake City, UT"
SSA,"Brazil","Salvador"
SZG,"Austria","Salzburg - W.A. Mozart"
SKD,"Uzbekistan","Samarkand"
SMI,"Greece","Samos"
ADZ,"Colombia","San Andres"
SJT,"USA","San Angelo, TX"
SAT,"USA","San Antonio, TX"
BRC,"Argentina","San Carlos de Bariloche"
SAN,"USA","San Diego - Lindberg Field Int'l, CA"
SFO,"USA","San Francisco - Int'l Airport, SA"
SJD,"Mexico","San Jose Cabo"
SJO,"Costa Rica","San Jose"
SJC,"USA","San Jose, CA"
SJU,"Rico","San Juan Perto"
SBP,"USA","San Luis Obisco, CA"
SLP,"Mexico","San Luis Potosi"
SPY,"Ivory Coast","San Pedro"
SAP,"Honduras","San Pedro Sula"
ZSA,"Bahamas","San Salvador"
SAL,"El Salvador","San Salvador"
EAS,"Spain","San Sebastian"
SAH,"Yemen","Sanaa (Sana'a) - Sana'a International"
YZP,"Canada","Sandspit"
SBA,"USA","Santa Barbara, CA"
SPC,"Spain","Santa Cruz de la Palma"
SRZ,"Bolivia","Santa Cruz de la Sierra"
SKV,"Egypt","Santa Katarina - Mount Sinai"
SMA,"Portugal","Santa Maria"
SMX,"USA","Santa Maria, CA"
SDR,"Spain","Santander"
STS,"USA","Santa Rosa, CA"
SRB,"Bolivia","Santa Rosa"
SRA,"Brazil","Santa Rosa"
RSA,"Argentina","Santa Rosa"
SDH,"Honduras","Santa Rosa Copan"
SSL,"Colombia","Santa Rosalia"
SRL,"Mexico","Santa Rosalia"
SCU,"Cuba","Santiago - Antonio Maceo Airport"
SCL,"Chile","Santiago de Chile - Arturo Merino Benitez"
SCQ,"Spain","Santiago de Compostela"
SON,"Vanuatu","Santo"
SDQ,"Dominican Republic","Santo Domingo"
SLZ,"Brazil","Sao Luis"
SAO,"Brazil","Sao Paulo"
CGH,"Brazil","Sao Paulo - Congonhas"
GRU,"Brazil","Sao Paulo - Guarulhos"
VCP,"Brazil","Sao Paulo - Viracopos"
TMS,"Sao Tome & Principe","Sao Tome"
SPK,"Hokkaido, Japan","Sapporo"
OKD,"Hokkaido, Japan","Sapporo - Okadama"
CTS,"Japan","Sapporo - Shin-Chitose Airport"
SJJ,"Bosnia and Herzegovina","Sarajevo"
SRQ,"USA","Sarasota/Bradenton, FL"
YXE,"Canada","Saskatoon"
ZSS,"Ivory Coast","Sassandra"
SAV,"USA","Savannah, GA"
SVL,"Finland","Savonlinna"
NSO,"Australia","Scone"
SCF,"USA","Scottsdale, AZ"
SEA,"USA","Seattle/Tacoma, WA"
SEB,"Libya","Sehba"
SJY,"Finland","Seinaejoki"
PKW,"Botswana","Selibi Phikwe"
SDJ,"Japan","Sendai"
ICN,"South Korea","Seoul - Incheon Int'l Airport"
SEL,"South Korea","Seoul - Kimpo"
SVQ,"Spain","Sevilla"
SFA,"Tunisia","Sfax"
ZTM,"Canada","Shamattawa, MB"
SHA,"China","Shanghai - Hongqiao"
PVG,"China","Shanghai - Pu Dong"
SNN,"Ireland","Shannon (Limerick)"
SHJ,"UAE","Sharjah"
SSH,"Egypt","Sharm El Sheikh"
SZD,"UK","Sheffield, City Airport"
DCS,"UK","Sheffield, Doncaster, Robin Hood Int'l Airport"
SHD,"USA","Shenandoah Valley/Stauton, VA"
SHE,"Liaoning, China","Shenyang"
SZX,"Guangdong, China","Shenzhen"
SHR,"USA","Sheridan, WY"
SHV,"USA","Shreveport, La"
JHQ,"Australia","Shute Harbour"
SBW,"Malaysia","Sibu"
SDY,"USA","Sidney, MT"
SLS,"Bulgaria","Silistra"
SIP,"Ukraine","Simferopol"
MPD,"Pakistan","Sindhri"
QPG,"Singapore","Singapore - Paya Lebar"
SIN,"Singapore","Singapore - Changi"
SIX,"Australia","Singleton"
SUX,"USA","Sioux City, IA"
FSD,"USA","Sioux Falls, SD"
SIS,"South Africa","Sishen"
SIT,"USA","Sitka, AK"
SEW,"Egypt","Siwa"
SGY,"USA","Skagway, AK"
KDU,"Pakistan","Skardu"
JSI,"Greece","Skiathos"
SKP,"Macedonia","Skopje"
SKS,"Denmark","Skrydstrup"
SZK,"South Africa","Skukuza"
SXL,"Ireland","Sligo"
YYD,"Canada","Smithers"
SOT,"Finland","Sodankylae"
SGD,"Denmark","Soenderborg"
SFJ,"Greenland","Soendre Stroemfjord"
SOF,"Bulgaria","Sofia - Vrazhdebna"
SOG,"Norway","Sogndal"
SOU,"United Kingdom","Southampton - Eastleigh"
SBN,"USA","South Bend, IN"
XSI,"Canada","South Indian Lake, MB"
SOI,"Australia","South Molle Island"
SEN,"United Kingdom","Southend"
SPU,"Croatia (Hrvatska)","Split"
GEG,"USA","Spokane, WA"
SBU,"South Africa","Springbok"
SPI,"USA","Springfield, IL"
SGF,"USA","Springfield, MO"
SXR,"India","Srinagar"
YIF,"Canada","St. Augustin, PQ"
STX,"Virgin Islands","St. Croix"
EBU,"France","St. Etienne"
SGU,"USA","St. George, UT"
YYT,"Canada","St. John's"
SKB,"St. Kitts And Nevis","St. Kitts"
STL,"USA","St. Louis - Lambert, MO"
UVF,"St. Lucia","St. Lucia Hewanorra"
SLU,"St. Lucia","St. Lucia Vigle"
SXM,"Netherlands Antilles","St. Marteen"
SFG,"St. Martin","St. Martin"
LED,"Russia","St. Petersburg (Leningrad) - Pulkovo"
FSP,"Canada","St. Pierre, NF"
STT,"Virgin Islands","St. Thomas"
SVD,"St. Vincent","St. Vincent"
STN,"United Kingdom","Stansted (London)"
SCE,"USA","State College/Belefonte, PA"
SVG,"Norway","Stavanger"
HDN,"USA","Steamboat Springs, CO"
SZZ,"Poland","Stettin"
STO,"Sweden","Stockholm Metropolitan Area"
ARN,"Sweden","Stockholm - Arlanda"
BMA,"Sweden","Stockholm - Bromma"
SCK,"USA","Stockton, CA"
SYY,"United Kingdom","Stornway"
SXB,"France","Strassburg"
KBY,"Australia","Streaky Bay"
STR,"Germany","Stuttgart - Echterdingen"
SUL,"Pakistan","Sui"
SKZ,"Pakistan","Sukkur"
LSI,"United Kingdom","Sumburgh (Shetland)"
SUN,"USA","Sun Valley, ID"
SDL,"Sweden","Sundsvall"
MCY,"Australia","Sunshine Coast"
SUB,"Indonesia","Surabaya - Juanda"
STV,"India","Surat"
SUV,"Fiji","Suva/Nausori"
SWP,"Namibia","Swakopmund"
SYD,"Australia","Sydney - Kingsford Smith"
ZYL,"Bangladesh","Sylhet"
SYR,"USA","Syracuse, NY"
TUU,"Saudi Arabia","Tabuk"
TIF,"Saudi Arabia","Taif"
TPE,"Taiwan","Taipei - Chiang Kai Shek"
TAY,"Taiwan","Taipei - Sung Shan"
TYN,"Shanxi, China","Taiyuan"
TAK,"Japan","Takamatsu"
TKA,"USA","Talkeetna, AK"
TLH,"USA","Tallahassee, FL"
QUF,"Estonia","Tallinn - Pirita Harbour"
TLL,"Estonia","Tallinn - Ulemiste"
TPA,"USA","Tampa Int'l, FL"
TMP,"Finland","Tampere"
TAM,"Mexico","Tampico - Gen. F. Javier Mina"
TMW,"Australia","Tamworth"
TNG,"Morocco","Tanger - Boukhalef"
TRO,"Australia","Taree"
TGV,"Bulgaria","Targovishte"
TAS,"Uzbekistan","Tashkent - Vostochny"
TWU,"Malaysia","Tawau"
TBS,"Georgia","Tbilisi - Novo Alexeyevka"
TEU,"New Zealand","Te Anau"
MME,"United Kingdom","Teesside, Durham Tees Valley"
TGU,"Honduras","Tegucigalpa"
THR,"Iran","Tehran (Teheran) - Mehrabad"
TLV,"Israel","Tel Aviv - Ben Gurion Int'l"
TEX,"USA","Telluride, CO"
TEM,"Australia","Temora"
TCI,"Spain","Tenerife"
TFS,"Spain","Tenerife - Sur Reina Sofia"
TFN,"Spain","Tenerife - Norte Los Rodeos"
TCA,"Australia","Tennant Creek"
TER,"Portugal","Terceira"
THE,"Brazil","Teresina"
TMZ,"Uzbekistan","Termez (Termes)"
YXT,"Canada","Terrace"
HUF,"USA","Terre Haute, IN"
TXK,"USA","Texarkana, AR"
TCU,"South Africa","Thaba'Nchu"
YQD,"Canada","The Pas"
SKG,"Greece","Thessaloniki - Makedonia Apt."
TVF,"USA","Thief River Falls, MN"
JTR,"Greece","Thira"
TRV,"India","Thiruvananthapuram"
TED,"Denmark","Thisted"
YTH,"Canada","Thompson"
KTB,"USA","Thorne Bay, AK"
YQT,"Canada","Thunder Bay"
TIS,"Australia","Thursday Island"
TSN,"China","Tianjin"
TIJ,"Mexico","Tijuana - Rodriguez"
TOD,"Indonesia","Tioman"
TIA,"Albania","Tirana - Rinas"
TRZ,"India","Tiruchirapally"
TIV,"Yugoslavia","Tivat"
TAB,"Tobago","Tobago"
TKS,"Japan","Tokushima"
TYO,"Japan","Tokyo"
HND,"Japan","Tokyo - Haneda"
NRT,"Japan","Tokyo - Narita"
TOL,"USA","Toledo, OH"
TPR,"Australia","Tom Price"
TWB,"Australia","Toowoomba"
YTZ,"Canada","Toronto Island"
YYZ,"Canada","Toronto - Lester B. Pearson"
YTO,"Canada","Toronto"
EIS,"Virgin Islands","Tortola"
TOU,"New Caledonia","Touho"
TLS,"France","Toulouse - Blagnac"
TSV,"Australia","Townsville"
TOY,"Japan","Toyama"
TPS,"Italy","Trapani"
TVC,"USA","Traverse City, MI"
TCB,"Bahamas","Treasure Cay"
TTN,"USA","Trenton/Princeton, NJ"
TSF,"Italy","Treviso"
TRI,"USA","Tri-Cities Regional, TN/VA"
TRS,"Italy","Trieste"
TIP,"Libya","Tripoli - Tripoli Int'l"
TOS,"Norway","Tromsoe"
TRD,"Norway","Trondheim"
TSB,"Namibia","Tsumeb"
TUS,"USA","Tucson, AZ"
TUP,"USA","Tulepo, MS"
TUL,"USA","Tulsa, OK"
TUN,"Tunisia","Tunis - Carthage"
TUK,"Pakistan","Turbat"
TRN,"Italy","Turin"
TKU,"Finland","Turku"
TCL,"USA","Tuscaloosa, AL"
TGZ,"Mexico","Tuxtla Gutierrez"
TWF,"USA","Twin Falls, ID"
TYR,"USA","Tyler, TX"
UDI,"Brazil","Uberlandia, MG"
UPG,"Indonesia","Ujung Pandang"
ULN,"Mongolia","Ulaanbaatar - Buyant Uhaa"
UUD,"Russia","Ulan-Ude"
ULD,"South Africa","Ulundi"
UTT,"South Africa","Umtata"
UTN,"South Africa","Upington"
URC,"Xinjiang, China","Urumqi"
UTP,"Thailand","Utapao (Pattaya)"
UCA,"USA","Utica, NY"
VAA,"Finland","Vaasa"
VXO,"Sweden","Vaexjoe"
EGE,"USA","Vail, CO"
YVO,"Canada","Val d'Or"
VDZ,"USA","Valdez, AK"
VLD,"USA","Valdosta, GA"
VLC,"Spain","Valencia"
VLN,"Venezuela","Valencia"
VLL,"Spain","Valladolid"
VAP,"Chile","Valparaiso"
VDE,"Spain","Valverde"
YVR,"Canada","Vancouver - Vancouver Int'l"
VRA,"Cuba","Varadero"
VNS,"India","Varanasi"
VRK,"Finland","Varkaus"
VAR,"Bulgaria","Varna"
VST,"Sweden","Vasteras"
VLU,"Russia","Velikiye Luki (Welikije Luki)"
VCE,"Italy","Venice - Marco Polo"
VER,"Mexico","Veracruz"
VEL,"USA","Vernal, UT"
VRB,"USA","Vero Beach/Ft. Pierce, FL"
VBS,"Italy","Verona (Brescia) Montichiari"
VRN,"Italy","Verona"
YYJ,"Canada","Victoria"
VFA,"Zimbabwe","Victoria Falls"
VID,"Bulgaria","Vidin"
VTE,"Laos","Vientiane - Wattay"
VGO,"Spain","Vigo"
VSA,"Mexico","Villahermosa"
VIJ,"Virgin Islands","Virgin Gorda"
VIS,"USA","Visalia, CA"
VBY,"Sweden","Visby"
VIT,"Spain","Vitoria"
VIX,"Brazil","Vitoria"
VYD,"South Africa","Vryheid"
YWK,"Canada","Wabush"
ACT,"USA","Waco, TX"
WGA,"Australia","Wagga"
ALW,"USA","Walla Walla, WA"
WLS,"Wallis and Futuna Islands","Wallis"
WVB,"South Africa","Walvis Bay"
WMB,"Australia","Warrnambool"
WAW,"Poland","Warsaw"
BWI,"USA","Washington DC - Baltimore Washington Int'l"
IAD,"USA","Washington DC - Dulles Int'l"
DCA,"USA","Washington DC - Ronald Reagan National"
WAS,"USA","Washington, DC"
ALO,"USA","Waterloo, IA"
ATY,"USA","Watertown, SD"
CWA,"USA","Wausau/Stevens Point, WI"
WEI,"Australia","Weipa"
WEL,"South Africa","Welkom"
WLG,"New Zealand","Wellington"
EAT,"USA","Wenatchee, WA"
PBI,"USA","West Palm Beach, FL"
WYS,"USA","West Yellowstone, MT"
GWT,"Germany","Westerland"
WHK,"New Zealand","Whakatane"
YXN,"Canada","Whale Cove, NT"
WRE,"New Zealand","Whangarei"
HPN,"USA","White Plains, NY"
YXY,"Canada","Whitehorse"
HAP,"Australia","Whitsunday Resort"
WYA,"Australia","Whyalla"
SPS,"USA","Wichita Falls, TX"
ICT,"USA","Wichita, KS"
WIC,"United Kingdom","Wick"
WHM,"Australia","Wickham"
VIE,"Austria","Wien (Vienna) - Vienna Int'l"
WIE,"Germany","Wiesbaden, Air Base"
AVP,"USA","Wilkes Barre/Scranton, PA"
IPT,"USA","Williamsport, PA"
ISL,"USA","Williston, ND"
ILM,"USA","Wilmington, NC"
VNO,"Lithuania","Wilna (Vilnius)"
WUN,"Australia","Wiluna"
ERS,"Namibia","Windhoek - Eros"
WDH,"Namibia","Windhoek - Hosea Kutako Int'l"
YQG,"Canada","Windsor Ontario"
YWG,"Canada","Winnipeg Int'l"
OLF,"USA","Wolf Point, MT"
WOL,"Australia","Wollongong"
UMR,"Australia","Woomera"
ORH,"USA","Worcester, MA"
WRL,"USA","Worland, WY"
WRG,"USA","Wrangell, AK"
WUH,"Hubei, China","Wuhan"
WYN,"Australia","Wyndham"
XMN,"Fujian, China","Xiamen"
XIY,"Shaanxi, China","Xi'an - Xianyang"
YKM,"USA","Yakima, WA"
YAK,"USA","Yakutat, AK"
YKS,"Russian Federation","Yakutsk"
GAJ,"Japan","Yamagata, Junmachi"
ASK,"Côte d'Ivoire (Ivory Coast)","Yamoussoukro"
YNB,"Saudi Arabia","Yanbu"
RGN,"Myanmar (Burma)","Yangon (Rangoon) - Mingaladon"
YAO,"Cameroon","Yaounde"
YZF,"Canada","Yellowknife"
YOK,"Japan","Yokohama"
YUM,"USA","Yuma, AZ"
ZCL,"Mexico","Zacatecas"
ZAD,"Croatia (Hrvatska)","Zadar"
ZAG,"Croatia (Hrvatska)","Zagreb - Pleso"
ZTH,"Greece","Zakynthos"
ZAZ,"Spain","Zaragoza"
PZH,"Pakistan","Zhob"
ZND,"Niger","Zinder"
OUZ,"Mauritania","Zouerate"
ZRH,"Switzerland","Zurich (Zürich) - Kloten"